"sku","brand","name","image","description","packaging"
"7182310","Wholesome Farms Imperial","Egg Shell Medium White Aa Cage Free","https://mediacdn.sysco.com/images/rendition?id=8a8a8927e684c945bb479520fc3c0dd161aab1f9","","1/15 DZ"
"2441269","Wholesome Farms Classic","Milk Homogenized","https://mediacdn.sysco.com/images/rendition?id=7a9780bd27d036e49d41b82f407ece3c81a34988","","2/1 GAL"
"4828554","Wholesome Farms Classic","Creamer Half & Half Extended Shelf Life","https://mediacdn.sysco.com/images/rendition?id=66086fe5ae0fa1a958e5142e5f4bcc532e372411","","12/32OZ"
"5066069","Wholesome Farms Classic","Buttermilk 1% Half Gallon","https://mediacdn.sysco.com/images/rendition?id=22d2428dc7bf1d93a89dd37fc99f345e91219606","","6/64 OZ"
"4828802","Wholesome Farms Classic","Cream Heavy Whipping 36% Extended Shelf Life","https://mediacdn.sysco.com/images/rendition?id=2eeaa04bfaaf949e7e556e5ed7821513fa74f97b","","12/32OZ"
"0139667","Darigold Farms","Creamer Half & Half Ultra Pasteurized","https://mediacdn.sysco.com/images/rendition?id=dd430db78b6b3b38a0ff62fec042b235474013e5","","6/.5 GAL"
"3029739","Wholesome Farms Imperial","Butter Cup Usda Aa","https://mediacdn.sysco.com/images/rendition?id=f030a6cf176f667c903fbd8ec7ab126a1f221ec1","","720/5 GM"
"7100283","Citavo Classic","Creamer Coffee Citavo Non Dairy Flavored Hazelnut","https://mediacdn.sysco.com/images/rendition?id=f64f8fd8a7953bf98c3e426a4bf7281cb4c4109f","","288/13 ML"
"8722712","Darigold Farms","Cream Heavy 40% Ultra High Temperature","https://mediacdn.sysco.com/images/rendition?id=037cc69e8dac26adb1dd8d76ff14777f0bf8557e","","6/.5 GAL"
"7213277","Darigold Farms","Milk 1% Mini Box","https://mediacdn.sysco.com/images/rendition?id=8c534d51e3dab54204fd01012de970e87eac0a3d","","50/.5 PT"
"5101096","Wholesome Farms Imperial","Butter Solid Salted Usda Aa","https://mediacdn.sysco.com/images/rendition?id=f766dc2d7fde349530941e77652254556b0da731","","30/1 LB"
"8722407","Darigold Farms","Creamer Half & Half Ultra High Temperature","https://mediacdn.sysco.com/images/rendition?id=bcd5776820fca9b87003a488621f376f03c4a182","","12/32 FOZ"
"5102025","Block & Barrel Classic","Cheese American 96 Sliced Yellow","https://mediacdn.sysco.com/images/rendition?id=741dee373514b25405661712f427058130fd7f70","","4/5 LB"
"5275478","Darigold Farms","Butter Unsalted Elgin Print","https://mediacdn.sysco.com/images/rendition?id=830c42af5cb83f74295985a08e1b9bcd5222595e","","30/1 LB"
"7182289","Wholesome Farms Imperial","Egg Shell Large White Aa Cage Free","https://mediacdn.sysco.com/images/rendition?id=2ba23e9230466b72e772450c45642bb3977eeb25","","1/15 DZ"
"3029891","Wholesome Farms Imperial","Butter Cup Whipped 400 Count Usda Aa","https://mediacdn.sysco.com/images/rendition?id=2a306a54e5df7f7e3b1688d682741723425e045b","","400/10GR"
"4061558","Arrezzio Imperial","Cheese Parmesan Grated Fresh United States South America Zip Bag","https://mediacdn.sysco.com/images/rendition?id=0a632e7680801e1359b164aa51393fee3a6c0965","","2/5LB"
"5101078","Wholesome Farms Imperial","Butter Solid Unsalted Usda Aa","https://mediacdn.sysco.com/images/rendition?id=fcc240cfe40769cfbbae472dca06f945cbb32db4","","30/1 LB"
"6935464","Wholesome Farms Classic","Cream Heavy 40% Extended Shelf Life Stabilized","https://mediacdn.sysco.com/images/rendition?id=e1c27c43d73d6b8eea70552b659f74781cc19d84","","12/32OZ"
"5810401","Alp&dell","Cheese Pepper Jack Sliced Sliced","https://mediacdn.sysco.com/images/rendition?id=2ebd07a0e0c8da733d62d7e2ed3b11a298c8685e","","4/2.5 LB"
"7529656","Eggs America","Egg Shell White Cage Free Grade A Large","https://mediacdn.sysco.com/images/rendition?id=b42239a8e9fcea5df4e05bd9459a88e573a78c69","","1/15 DZ"
"7080443","Ranchero (cheese)","Cheese Queso Fresco","https://mediacdn.sysco.com/images/rendition?id=680aad38d3a5e8df73a256ff1e023ef4a3582e79","","12/10 OZ"
"7166386","Wholesome Farms Classic","Creamer Half And Half Portion Control Aseptic","https://mediacdn.sysco.com/images/rendition?id=d5cc13e653927a6059e01b6cb0a89fbe1422b25e","","384/9ML"
"3031456","Wholesome Farms Classic","Butter Salted Whipped Tub Non Usda","https://mediacdn.sysco.com/images/rendition?id=2535145d880b00955b7c793c0fc5cb6fad698fdc","","2/5 LB"
"5066059","Wholesome Farms Classic","Milk 1% Gallon","https://mediacdn.sysco.com/images/rendition?id=82dc9f485c8f21736c612fb7ba6dde38c6f6a041","","2/1 GAL"
"2441285","Wholesome Farms Classic","Milk 2% Reduced Fat","https://mediacdn.sysco.com/images/rendition?id=673cf5375a14ee2f307bc96d509e3b4c0543b603","","2/1 GAL"
"5020193","Wholesome Farms Classic","Cream Sour Cultured Grade A","https://mediacdn.sysco.com/images/rendition?id=85075d2d324b5458449bbe22e5b7e6744c4fb58f","","2/5 LB"
"9904645","Abbotsford Egg Products","Egg Scrambled With Butter Cut From","https://mediacdn.sysco.com/images/rendition?id=ecd2be99e972e9efa6997e6d17476f8cd4ae50c6","","12/1.85LB"
"4360265","Schreiber Foods (dairy)","Cheese Swiss Slice Processed 160 Count","https://mediacdn.sysco.com/images/rendition?id=cfaa9ad565897a9b96a4f96cd8faa7a2999ac09e","","4/5 LB"
"8953028","Wholesome Farms Classic","Cheese Cottage Small Curd 2%","https://mediacdn.sysco.com/images/rendition?id=6a76e8fce6fa912e4c53bf623a768ee83466e16e","","2/5 LB"
"5995129","Sysco Classic","Margarine Solid Zero Trans Fat","https://mediacdn.sysco.com/images/rendition?id=da98c79a1ff20ae434b4f2705845b520cf35f2ff","","30/1 LB"
"5132234","Block & Barrel Classic","Cheese American 120 Slice Yellow","https://mediacdn.sysco.com/images/rendition?id=2b3cec5690e26cf45668cb381b197cbcae569c52","","4/5LB"
"7213255","Darigold Farms","Milk 2% Mini Box","https://mediacdn.sysco.com/images/rendition?id=619a6f41cd6e9242fdd960f54fc5c9a737e0d9c9","","50/.5 PT"
"7182281","Wholesome Farms Imperial","Egg Shell Extra Large White Aa Cage Free","https://mediacdn.sysco.com/images/rendition?id=0040c23ab412dddca4efe88ef687aaa8da713794","","1/15 DZ"
"8554129","Zoi","Yogurt Plain Greek","https://mediacdn.sysco.com/images/rendition?id=52f65c0245492dd92193af2e89567becda554960","","1/32 LB"
"7441314","International Delight","Creamer Coffee Hazelnut Nd","https://mediacdn.sysco.com/images/rendition?id=fc8d59393eba9c09fc794a2ea925b160cc0b20a2","","288/13 ML"
"2819458","Casa Solana Imperial","Cheese Cheddar Jack Feather Shredded","https://mediacdn.sysco.com/images/rendition?id=066e67e88833b868214526c3a5ee33ce7f826631","","4/5LB"
"4776930","Eggs America","Egg Shell Large Brown A Cage Free 15 Dozen","https://mediacdn.sysco.com/images/rendition?id=c6cec6c3eef9d7837083c0ebb28b2e9f48988d96","","1/15 DZ"
"6557682","Darigold Farms","Cream Heavy Whipped 40% Plastic","https://mediacdn.sysco.com/images/rendition?id=cf38df23565e317dfb854fd8baae89d839ed117f","","6/.5 GAL"
"7436902","Yami By Auburn Dairy","Yogurt Vanilla Low Fat","https://mediacdn.sysco.com/images/rendition?id=71fb060895d746850039923a160b7294b2eace31","","6/32 OZ"
"7192819","Wholesome Farms Classic","Milk Chocolate 1% Bottle Extended Shelf Life","https://mediacdn.sysco.com/images/rendition?id=0f5400199c09b4fc2d76346be8db3c5bde908440","","24/8 OZ"
"3029404","Wholesome Farms Imperial","Butter Chip Continental Usda Aa 59 Count","https://mediacdn.sysco.com/images/rendition?id=0847b74903bb12ffd979f0f269f2e187d869215a","","5/3.4 LB"
"1183312","Marano Select","Cheese Parmesan Grated Imported Tub","https://mediacdn.sysco.com/images/rendition?id=d53da3ceec939ee58515e0a7a1aac583ef09d851","","1/5#"
"3546369","Block & Barrel Imperial","Cheese Cheddar Mild Sliced Interleafed .75 Oun","https://mediacdn.sysco.com/images/rendition?id=0ab58453f901fe5b15e14644e9d23484408908d9","","8/1.5LB"
"2529949","Leprino Foods","Cheese Mozzarella Shredded Whole Milk Frozen","https://mediacdn.sysco.com/images/rendition?id=c25001213c18f78ddb8ba76dcd30ca006bef98c3","","1/15 LB"
"7192671","Wholesome Farms Classic","Milk 2% Btl Esl","https://mediacdn.sysco.com/images/rendition?id=2b08e86f1d3f7b0f16e62d2c4165c1e5415dfa53","","24/8 FOZ"
"0248807","Block & Barrel Imperial","Cheese Cubed Cheddar Swiss Pepper Jack","https://mediacdn.sysco.com/images/rendition?id=3f1515d5f871e035af5268e993b03d141c853b9d","","3/5LB"
"2986038","Pacific","Milk Almond Original Barista","https://mediacdn.sysco.com/images/rendition?id=87c5d5dabda14d6804bd527ecf01e808c049d4b5","","12/32 OZ"
