"sku","brand","name","image","description","packaging","category"
"3928203","Fulton Provision","Beef Grnd Chuck 80/20 Round Patty","https://mediacdn.sysco.com/images/rendition?id=fc626c1fbde45ee25d0a4861820cfe6f2c965984","Fulton Beef Ground Patty is produced from fresh never frozen USDA inspected whole muscle domestic chuck.... Read More","48/5.33OZ","Meat & Seafood"
"7677453","Foster Farms","Corn Dog Chicken Jalapeno Cheese With Bag","https://mediacdn.sysco.com/images/rendition?id=2f7647a14ed7185e9e152090cc3b74d09d44052e","Foster Farms Fully Cooked Chicken Jalapeno Cheese Honey Crunchy Corn Dogs offer a flavorful addition to any menu... Read More","36/4 OZ","Meat & Seafood"
"0895082","Koch's Poultry","Chicken Breast Boneless Skinless 9 Ounce Whole Butterfly Cvp","https://mediacdn.sysco.com/images/rendition?id=62a7cbc7f31a80c39a00fc4e8a56e5129453a36a","Koch Foods portion control fillets are made using natural fall chicken breast that has been skillfully hand-deboned, computer sized and vacuum packed to deliver the freshest product for up to 19 days from pack. Tight sizing help control portion costs... Read More","4/10 LB","Meat & Seafood"
"2010385","Dailys Bacon","Bacon Sliced Bulk Big 14/20 Count","https://mediacdn.sysco.com/images/rendition?id=81933f1f250bc37c350bc68ae3abab7730633904","Big Buy™ Naturally Hardwood Smoked Bacon combines the rich real hardwood smoked flavor with a hint of sweetness from a delicious Big Buy cure giving this bacon a mildly sweet flavor. Big Buy Naturally Hardwood Smoked Bacon is a value option t... Read More","1/15 LBS","Meat & Seafood"
"6461325","Koch's Poultry","Chicken Breaded 8 Piece Precooked Ovenable","https://mediacdn.sysco.com/images/rendition?id=8cb9a2845cc4b2a81c15888a37fba6e4c6f48939","Fully Cooked Southern-style Breaded Chicken 8 Piece IF (cut from 2.0-2.25 lb. WOGs) packed 4/14 piece segment separate bags. Bone in chicken is the ultimate comfort food and a popular dine in and carry out favorite. This 8 piece breaded takes the... Read More","4/4.5 LB","Meat & Seafood"
"2214963","Packer","Octopus Iqf Cleaned 2-4 Pound","https://mediacdn.sysco.com/images/rendition?id=9e28f45a2635612cde094ca9ffc380a3a16f8ca9","Product description is not available","1/30 LB","Meat & Seafood"
"7717614","Dailys Bacon","Bacon Shingle Center-cut 10-12 Per # Honey","https://mediacdn.sysco.com/images/rendition?id=c085d9538d2fc9d22eb174d01944710afc982604","The sweet ‘n’ smoky flavor that John R. Daily made. And the one that made John R. Daily. Daily’s hardwood smoked honey-cured thick-cut bacon combines the rich smoke flavor with a hint of sweetness from a premium all-natural honey cure. It’s been s... Read More","1/15 LB","Meat & Seafood"
"7165648","Buckhead Pride/ Newport Pride","Beef Ground Chub 80\20 Fresh","https://mediacdn.sysco.com/images/rendition?id=62961f1208f8b5b9d6e2ff10c21a178fa01c5d44","Buckhead Pride/ Newport Pride ground beef Patties are produced from USDA-inspected whole muscle trim ground with a natural shape patty.... Read More","3/5 LB","Meat & Seafood"
"2996100","Fire River Farms Angus","Beef Patty Ground 80/20 Angus Round Individual Quick Freeze","https://mediacdn.sysco.com/images/rendition?id=618072f4f35207020683e6c2d626a53e9fbb9f97","Fire River Farms eight ounce round Angus beef 80/20 frozen patties • Patties are packaged into a corrugated 20 pound case with food grade pol... Read More","20/8 OZ","Meat & Seafood"
"7225238","Sysco Classic","Chicken Wing Breaded Precooked Crispy Mild","https://mediacdn.sysco.com/images/rendition?id=d220b4b96c2a69e2ac3fc1f5ea746f8b2213701c","Sysco Classic Mild Breaded Chicken Wings are fully cooked and ready to heat and serve. They cook from frozen to reduce food prep time and increase customer ser... Read More","3/5 LB","Meat & Seafood"
"7313977","S&f Foods","Sausage Breakfast Bites","https://mediacdn.sysco.com/images/rendition?id=f50d7c6206750f3c9e1e094ece2e752efdeb3521","S&F Foods Mozzarella Cheese, Turkey Breakfast Sausage, and Cheddar Cheese with a Country Style Gravy enrobed in a par-baked Whole Grain Crust.... Read More","144/1.6 OZ","Meat & Seafood"
"7576705","Portico Simply","Salmon Atlantic Portioned Skinless 6 Oz Chl","https://mediacdn.sysco.com/images/rendition?id=8e32dab7722369376281ef2bcf6f70d7d7a1ba7a","Portico Atlantic salmon fillet portions are boneless and skinless to save time during meal prep. These naturally-raised salmon portions are high in protein and come individually packed for easy portion control.... Read More","1/10 LB","Meat & Seafood"
"7370775","Buckhead Pride/ Newport Pride","Beef Ground Patty 3/1 Vacuum Pendleton Beef","https://image.sysco.com/image-server/product/image/7370775/web/1.jpg","Product description is not available","48/5.33OZ","Meat & Seafood"
"2996136","Fire River Farms Classic","Beef Patty 80/20 Round Individual Quick Freeze","https://mediacdn.sysco.com/images/rendition?id=6c35a89930a6ed322515b9096cc984eea7819e8f","Fire River Farms 3.2-ounce round ground beef 80/20 frozen patties • Patties are packaged into a corrugated 10 pound case with food grade pol... Read More","50/3.2 OZ","Meat & Seafood"
"7236432","Buckhead Pride/ Newport Pride","Beef Ground Patty 75\25 Pacific Northwest Gas Flushed","https://mediacdn.sysco.com/images/rendition?id=26ee2999c42b943c95dd05944750f1f0612786bd","Buckhead Pride/Newport Meat ground beef special blend by Sysco. Optimize controlled grinding with E.coli tested material and reduce in house labor.... Read More","48/5.33OZ","Meat & Seafood"
"7203474","Sysco Classic","Chicken Cvp Breast Boneless-skinless Whole Random Jumbo","https://mediacdn.sysco.com/images/rendition?id=625387ce6b86a3378857e2c18889656f84c1c9fc","Sysco Classic Jumbo Chicken Breasts make a dramatic presentation as an entrée or sliced into strips. Our boneless skinless breasts are all-natural raw chicken with no added hormones or steroids. The all-natural breasts are minimally processed to ac... Read More","4/10 LB","Meat & Seafood"
"6156301","Fire River Farms Classic","Beef Patty Cooked Seasoned Homestyle Frozen","https://mediacdn.sysco.com/images/rendition?id=7532039d01d563edd8873501780420ebc56a99d9","Fire River Farms Classic Flame Grilled Beef Steak Burgers are char marked for a freshly grilled appearance. Serve up these fully cooked burgers with a backyard grilled flavor that are a consistent and classic taste your patrons love.... Read More","46/3.5 OZ","Meat & Seafood"
"2936425","Block & Barrel Classic","Beef Roast Bottom Round Sliced","https://mediacdn.sysco.com/images/rendition?id=c75da5698240e71632f95187882ebb10bf02855e","BBRL Classic USDA Select open oven roasted bottom round flat roast beef sliced, 15%, roasted to medium, .67oz slice. Product is allergen-free of the common 9 recognized allergens, gluten-free, and MSG-free, and reduced sodium for a healthier o... Read More","4/2.5 LB","Meat & Seafood"
"2021590","Rays Meats","Beef Ground Bulk 80%-20%","https://mediacdn.sysco.com/images/rendition?id=8dcf4612f30b0089701263622c900c46fbdd8c29","Product description is not available","10/1 LB","Meat & Seafood"
"7236436","Buckhead Pride/ Newport Pride","Beef Ground Patty 75\25 Pacific Northwest Gas Flushed","https://mediacdn.sysco.com/images/rendition?id=3f2ac587d7830f073a354d1a3e45bc33813e4ef2","Product description is not available","60/4 OZ","Meat & Seafood"
"1870989","Packer","Chicken Wings Iqf 1st & 2nd Joints Jumbo","https://mediacdn.sysco.com/images/rendition?id=06d0536d11f0bdf6d76d5bbb25aff4281d7f9a52","Product description is not available","8/5 LB","Meat & Seafood"
"2334680","Sysco Classic","Chicken Cvp Leg Qtr Med","https://mediacdn.sysco.com/images/rendition?id=dc145d47a252dcd8b1410bf3bfa3104bd2b56456","Sysco Classic Chicken Leg Quarters is considered All Natural by USDA with no artificial ingredients and minimally processed. Guarantee that there are no added hormones or steroids as they prohibited by federal regulations in poultry. Excellent sour... Read More","1/40 LB","Meat & Seafood"
"7239269","Buckhead Pride/ Newport Pride","Beef Ground Patty 77\23 Steak Trim Qqf","https://mediacdn.sysco.com/images/rendition?id=3811168ee043bc650b92cee1ddfe44af9fc00e24","Product description is not available","42/6 OZ","Meat & Seafood"
"7861851","Ll Ranch","Pork Pulled Hardwood Smoked","https://mediacdn.sysco.com/images/rendition?id=482bb29c66d2d591cb03fe8077c4ff23f83918a1","LL Ranch Shredded hardwood smoked pulled pork, vacuum packed in sous vide bag • Vacuum packed in sous vide bag... Read More","2/5 LB","Meat & Seafood"
"0120055","Dailys Bacon","Bacon Shingle Center-cut 12-14 Per Pound Applewood Gas Flushed","https://mediacdn.sysco.com/images/rendition?id=10242ee0d8e5770db735cbe3196aa64d96442d2e","Deep smoky flavor with an old-fashioned cure for what ails you. Daily’s deep Applewood smoked thick cut bacon combines the rich Applewood smoke flavor with a hint of sweetness from a premium sugar cured bacon. It’s been said that to make s... Read More","1/15 LB","Meat & Seafood"
"7792187","Sysco Classic","Chicken Thigh Boneless Skinless Controlled Vac","https://mediacdn.sysco.com/images/rendition?id=4efab4e64c03490834e73cd739581ee846ee0c0c","Sysco Classic Raw Boneless, Skinless Chicken Thigh meat fillets are ready to cook as-is or slice into strips for quick preparation of signature recipes. This all-natural dark meat with no added hormones or steroids. Perfect for diversifying your menu.... Read More","4/10 LB","Meat & Seafood"
"7584089","Foster Farms","Corn Dog Chicken With Bag","https://mediacdn.sysco.com/images/rendition?id=c884c2a46e1f5b4c9fa4468348c7f29ae9d0b6c1","Foster Farms chicken corn dogs feature a plump and juicy chicken frank double dipped in our special honey crunchy batter. They are fully cooked and easy to heat &... Read More","72/4 OZ","Meat & Seafood"
"2014561","Kronos Central","Gyro Meat Slices Raw","https://mediacdn.sysco.com/images/rendition?id=aeac183b05477cbbac691b9e211106dc9ff7bdea","At Kronos Central, we serve delicious and authentic gyro sandwiches without the need for a GyorKone or vertical broiler. Our method is efficient in terms of labor and storage, and our blend of selected Mediterranean spices gives our beef and lamb flavor... Read More","48/4 OZ","Meat & Seafood"
"7058232","Newport Pride Natural","Beef Brisket 120 Natural Premium","https://mediacdn.sysco.com/images/rendition?id=f574acb8992583193731788154d343ca59ac739d","Product description is not available","2/1 PC","Meat & Seafood"
"7260809","Buckhead Pride/ Newport Pride","Beef Ground Patty Amwagyu Blend","https://mediacdn.sysco.com/images/rendition?id=a8f27049d5492f50efdf7f04c9cc3c9c9f7ad33f","Product description is not available","30/8 OZ","Meat & Seafood"
"1912221","Buckhead Pride/ Newport Pride","Beef Short Rib Bone-in .25"" No-roll Frozen","https://mediacdn.sysco.com/images/rendition?id=c3384294d95c8ca430a6c2fa4b547729b013f91c","Buckhead/ Newport Pride Short Rib is an ungraded cross-cut 3-bone short rib 1/4"" thick. This cut brings tons of flavor and plate coverage and provides large value f... Read More","1/10#AVG","Meat & Seafood"
"7304335","Olli Salumeria Dried Cured Salamis","Salami Genoa W/mozz And Cherry Bar","https://mediacdn.sysco.com/images/rendition?id=8c48ee3551336b64f4071bbca639965ed85df8e9","Product description is not available","10/2.3 OZ","Meat & Seafood"
"6344790","Sysco Classic","Chicken Cvp Wings 1st And 2nd Joints Jumbo","https://mediacdn.sysco.com/images/rendition?id=b3366b888c23ac55434f9b854a48974cc29a2111","Sysco Classic first and second joint jumbo chicken wings make a great addition to your appetizer menu. Serve these wings seasoned or breaded alongside veggie sticks and flavorful dips, or include them in sampler baskets and party platters.... Read More","4/10 LB","Meat & Seafood"
"4234233","Portico Simply","Salmon Atlantic Portioned Skinless 4 Oz Chilean","https://mediacdn.sysco.com/images/rendition?id=ae920c59f43ec55a0d786d9623ce8de43620bbd1","Portico Atlantic salmon fillet portions are boneless and skinless to save time during meal prep. These naturally-raised salmon portions are high in protein and come individually packed for easy portion control.... Read More","1/10 LB","Meat & Seafood"
"3976404","Sysco Classic","Chicken Breast Individually Frozen Flat Marinated Ziploc Packaged","https://mediacdn.sysco.com/images/rendition?id=e8e530457160574b0393895aa732f7a6ec77f598","Sysco Classic Raw Marinated Boneless Skinless Chicken Breast Portions split (pressed) IF (6-ounces target) packed Two five-pound bags.... Read More","26/6 OZ","Meat & Seafood"
"7281170","Fire River Farms Reliance","Beef Patty 80/20 Round 4 Ounce","https://mediacdn.sysco.com/images/rendition?id=763ae316b0d8ff2487ebb57488afc3909290a913","Jensen Meat's 4/1 Wide Ground Beef 80/20 IQF Round patty • 80, 4 oz Patties are packaged into a corrugated 10# case with food grade... Read More","80/4 OZ","Meat & Seafood"
"1225382","Brakebush Brothers","Chicken Tenderloins Gold'n'spice Breaded Prebrowned","https://mediacdn.sysco.com/images/rendition?id=21796b75164f924adfc27c7b88ad32898fba727b","These Select Sized Tenderloins are prebrowned and coated with our signature Gold’N’Spice® breading seasoned with a perfect balance of garlic, pepper a... Read More","2/5 LB","Meat & Seafood"
"2550820","Brakebush Brothers","Chicken Tenders Fritters Crispy","https://mediacdn.sysco.com/images/rendition?id=fa512a9b58390b40f179d2fe3977215e3655af8f","These Medium Line Flow Tenderloin Fritters are prebrowned and feature a crunchy deep golden, fritter-style breading with pepper, garlic and onion.... Read More","2/5 LB","Meat & Seafood"
"7876147","Brakebush Brothers","Chicken Breaded O-shaped Nugget Fully Cooked","https://mediacdn.sysco.com/images/rendition?id=eec2f737342333d09cab3d47ecbb5d18bce6af88","Fully cooked, Gold’N’Spice® breaded Chik’N O’s® are made with breast meat and are 0.7 oz. Five nuggets equal 2.00 oz. meat/meat alternate.... Read More","228/.7 OZ","Meat & Seafood"
"6277869","Butchers Block","Pork Butt Bone-in .25 8-12# Each Frozen","https://mediacdn.sysco.com/images/rendition?id=25298d6baf882ed2eb2e16dc832342e931700f1f","Product description is not available","4/2 PC","Meat & Seafood"
"8218285","Koch's Poultry","Chicken Cvp Breast Boneless-skinless Random Halal Frozen","https://mediacdn.sysco.com/images/rendition?id=3d9fb190ff95d067737890fe425da781a15f479d","Product description is not available...","1/40 LB","Meat & Seafood"
"7225742","Sysco Classic","Chicken Breast Ifz B/s Whole 8 Ounces","https://mediacdn.sysco.com/images/rendition?id=1699d153019188901d37a718a89ff300f91a19f0","Classic portion breast is skillfully hand deboned, visually inspected, and computer weighed for accuracy within a 1/2 ounce tolerance. Individually quick-glazed, frozen, and packed.... Read More","3/5LB","Meat & Seafood"
"3032350","Fire River Farms Classic","Beef Patty 75/25 Seasoned Homestyle Individual Quick Freeze","https://mediacdn.sysco.com/images/rendition?id=00f1446413ef8c0c5a96de0373333915b3d209f0","Fire Classic River Farms four ounce homestyle ground beef seasoned 75/25 frozen patties • Patties are packaged into a corrugated 10 pound case with food grade pol... Read More","80/4 OZ","Meat & Seafood"
"3032246","Fire River Farms Classic","Beef Patty 80/20 Homestyle Individual Quick Freeze","https://mediacdn.sysco.com/images/rendition?id=6424f47150f2b1e77defb7ab0018a15252982656","Fire Classic River Farms four ounce homestyle ground beef 80/20 frozen patties • Patties are packaged into a corrugated 20 pound case with food grade pol... Read More","80/4 OZ","Meat & Seafood"
"4911808","Packer","Oyster Shuck Extra Small Fresh","https://mediacdn.sysco.com/images/rendition?id=d277e5550200e98fd4cf2b337b130b5544246acd","Product description is not available","1/4 LB","Meat & Seafood"
"2925915","Casa Solana Classic","Beef Taco Meat Pre-cooked","https://mediacdn.sysco.com/images/rendition?id=c29984b88161e4099f4843bed8cde586058ed8c8","Casa Solana Classic beef taco meat is seasoned, 92% Fat-free, ships frozen. Product is allergen-free of the big 9 commonly recognized allergens, gluten-free, and MSG-free, and reduced sodium for a healthier option.... Read More","4/5 LB","Meat & Seafood"
"1112903","Fire River Farms Classic","Beef Patty 80/20 Round Individual Quick Freeze","https://mediacdn.sysco.com/images/rendition?id=0bb201ecef262bec9258f02961594d4a341fea1c","2.66oz Round Ground Beef Patty 80/20 IQF • Patties are packaged into a corrugated 20# case with food grade poly bag... Read More","120/2.66OZ","Meat & Seafood"
"5231238","Sysco Reliance","Chicken Cvp Breast Boneless-skinless Random Jumbo Marinated","https://mediacdn.sysco.com/images/rendition?id=aa0537db99b3e81acdb38456101849868f619834","Sysco Reliance Jumbo Chicken Breasts make a dramatic presentation as an entrée or sliced into strips. Our boneless skinless breasts are marinated to increase juiciness, tenderness, and flavor.... Read More","4/10 LB","Meat & Seafood"
"9086745","Packer","Tilapia Whole Cleaned 550 G Up","https://mediacdn.sysco.com/images/rendition?id=d2a3a1693d518f0c96a9e332132e387dfc371f7b","Product description is not available","1/40 LB","Meat & Seafood"
"7233246","Impossible Foods","Chicken Tender Plant Based","https://mediacdn.sysco.com/images/rendition?id=efdc5ea23275a5a23c3cb52feb117d6cd43a2f0c","Impossible® Chicken Tenders Made From Plants have a deliciously crispy golden coating and a tender, juicy interior. Fully cooked, these tenders are conveniently ready to heat and eat. With 11 grams of protein per serving, Impossible® Chicken Tenders Ma... Read More","2/5 LB","Meat & Seafood"
"2334623","Sysco Classic","Chicken Cvp Breast Boneless-skinless Whole Ran","https://mediacdn.sysco.com/images/rendition?id=528f5028a0f3adf86867237a0ad95cf03dc61de4","Sysco Classic Medium Chicken Breasts make a dramatic presentation as an entrée or sliced into strips. Our boneless skinless breasts are all-natural raw chicken with no added hormones or steroids. The all-natural breasts are minimally processed to ac... Read More","4/10 LB","Meat & Seafood"
"1137728","Block & Barrel Imperial","Frank All-beef 8 Per Pound 6""","https://mediacdn.sysco.com/images/rendition?id=6a02f3c719956fe118f27b2550407197f4e1e82e","Block and Barrel Imperial all-beef franks are fully cooked and of premium quality. These skinless beef franks deliver a great smoky flavor thanks to their propriety sp... Read More","2/5 LB","Meat & Seafood"
"5025093","Galileo Premium","Salami Italian Dry Sliced No Burn","https://mediacdn.sysco.com/images/rendition?id=01ba36fedd7270983dda986b9748e37366d87d1b","Hillshire Farm® Italian Dry Salami has been crafted to deliver authentic old-world flavor since 1945. Naturally aged for the distinctively timeless taste that will set any snack, sandwich, or pizza menu apart, Hillshire Farm® Italian Dry Salami is made wi... Read More","4/4 LB","Meat & Seafood"
"7000235","Sysco Classic","Chicken CVP Wings 1st & 2nd Joints Jumbo Frozen","https://mediacdn.sysco.com/images/rendition?id=803577d54561c4b6508f53370f92ef70fc39d617","Sysco Classic first and second joint jumbo chicken wings make a great addition to your appetizer menu. Serve these wings seasoned or breaded alongside veggie sticks and flavorful dips, or include them in sampler baskets and party platters.... Read More","4/10 LB","Meat & Seafood"
"9932518","Jennie-o","Turkey Diced Cooked Cured 1/4""","https://mediacdn.sysco.com/images/rendition?id=9c6fb723b59c9c320259dcccb2187118a389614a","Jennie-O diced cooked and cured turkey. Diced for labor savings, consistency and food safety... Read More","2/5 LB","Meat & Seafood"
"2353005","Fire River Farms Angus","Beef Patty 80/20 Seasoned Round Individual Quick Freeze","https://mediacdn.sysco.com/images/rendition?id=84f3f82c2924fd5436dd18a4161f9890242b7ef1","Fire River Farms 5.33-ounce round Angus beef seasoned frozen patties • Patties are packaged into a corrugated 20 pound case with food grade pol... Read More","60/5.33OZ","Meat & Seafood"
"2078319","Sysco Classic","Chicken Wings Fire Cooked 1&2 Sml","https://mediacdn.sysco.com/images/rendition?id=a559667d0c2d0db2398a24d6f6ca03cca32730d9","Sysco Classic Wings of Fire fully cooked glazed chicken wings have a hot and spicy flavor that pleases customers seeking an intense taste experience. These wing sections come precooked for quick preparation in a busy kitchen environment.... Read More","2/5 LB","Meat & Seafood"
"1137702","Block & Barrel Imperial","Frank All-beef 4 Per Pound 6 Inch","https://mediacdn.sysco.com/images/rendition?id=03202d6380ecb47b509bee9875f831bf538d4fa7","Block and Barrel all-beef franks by Sysco are fully cooked and deliver premium quality and consistency. These skinless franks are made with a proprietary spice blend that results in a smoky flavor.... Read More","2/5 LB","Meat & Seafood"
"2086536","Foster Farms","Corn Dog Chicken","https://mediacdn.sysco.com/images/rendition?id=86bdc0eaab03b2bc29687f4706c2ceb5932f3330","Foster Farms Chicken Corn Dogs feature a juicy chicken frank double dipped in our special honey crunchy batter. They are fully cooked and easy to heat & eat.... Read More","60/2.67OZ","Meat & Seafood"
"1006725","Block & Barrel Classic","Frank All-meat 6 Per Pound 6""","https://mediacdn.sysco.com/images/rendition?id=320b55be9f660b4783a9084acaefd019f8d51733","Block and Barrel Classic all-meat franks are made with a proprietary spice blend that delivers a great smoky taste. These skinless franks are fully cooked.... Read More","2/5 LB","Meat & Seafood"
"7667363","Sysco Classic","Chicken Breast Tenders Jumbo Controlled Vacuum","https://mediacdn.sysco.com/images/rendition?id=50412c0c627853c93561c49043efb3aff9af7524","Sysco Classic Fresh Jumbo Chicken Clipped Tenderloins make a tender, juicy, and delicious meal. Our tenders are all-natural raw chicken with no added hormones or steroids. Bake, fry, or grill these tenders directly from the package for fast c... Read More","4/10 LB","Meat & Seafood"
"1472230","Sysco Classic","Chicken Tenders Fritters Original Filets Select","https://mediacdn.sysco.com/images/rendition?id=b629709953ad560ad4719b427feaba190adb7178","Sysco Classic Original Filets Select Chicken Tenders contain breast and rib meat and are breaded for a classic customer-pleasing taste. These uncooked flat tenders are pre-formed and consistently sized for convenient portioning.... Read More","2/5 LB","Meat & Seafood"
"2913497","Sysco Imperial","Chicken Breast Individually-frozen Boneless-skinless Ziploc","https://mediacdn.sysco.com/images/rendition?id=93a9addd803bf87b47f9d41a0e91b62c013d2bfa","Sysco Imperial is hand deboned, trimmed, and computer-sized for accuracy and cost controls. Individually quick frozen and ice-glazed for protection and packed in reclosable bags.... Read More","48/6 OZ","Meat & Seafood"
"1619224","Butchers Block","Pork Rib St. Louis 2.25-2.5# Cryovac","https://mediacdn.sysco.com/images/rendition?id=28c68023d3e623542fe0667408e7dc3b6959fb10","Butcher Block's St. Louis pork ribs are spareribs with the sternum bone, cartilage and rib tips removed to create a rectangular-shaped rack. In addition to traditional smoking, they are great for recipes that call for pan frying as the ribs are flat and rectangul... Read More","4/4 PC","Meat & Seafood"
"7163184","Aqua Star","Crab Meat Claw Pasteurized Asia","https://mediacdn.sysco.com/images/rendition?id=723bd5a993b5e07f53bb6700a8b9c1862dfd57bf","Aqua Star’s reserve pasteurized crab meat is wild-caught, fresh picked from steam-cooked crab, packed and pasteurized fresh. We offer premium quality and consistency in every pack. Our meat is hand-picked from the shell, allowing for larger meat piec... Read More","6/1 LB","Meat & Seafood"
"7104530","Sysco Classic","Chicken Thigh Skewer Grill Halal","https://mediacdn.sysco.com/images/rendition?id=6e2d7f7d543c506e00a8b0c1fddc95e6d578f163","Sysco Classic Roasted Halal Chicken Thigh Skewers are the perfect center of plate protein menu item. These fully cooked, value added skewers provide labor saving by reducing cooking time, avoid yield loss and waste, ensuring portion control and foo... Read More","2/40 EA","Meat & Seafood"
"1738830","Sysco Classic","Corn Dog Chicken Honey Battered","https://mediacdn.sysco.com/images/rendition?id=1ad3f98402a4ba1a92e4c6be0c93e59eedb225c2","Sysco Classic Chicken Corn Dogs feature a plump and juicy chicken frank double dipped in our special honey crunchy batter. They are fully cooked and easy to heat &... Read More","72/4 OZ","Meat & Seafood"
"7281161","Fire River Farms Reliance","Beef Patty 80/20 Round 5.33 Ounces","https://mediacdn.sysco.com/images/rendition?id=30d99ee21348b2f601ec37b27f6f70731b24ec92","Jensen Meat's Ground Beef 80/20 Bulk, Deliver tender and juicy hamburgers to your customers with 100% USDA-inspected beef; unmatched in quality, tenderness, and flavor. Pre-portioned patties allow operators to maintain consistency and better... Read More","60/5.33OZ","Meat & Seafood"
"2035004","Sysco Classic","Sausage Pork Links Skinless Cooked Mild","https://mediacdn.sysco.com/images/rendition?id=4d0ce73152118537c9df53c55e933f62ef5ff148","Sysco Classic fully cooked mild skinless pork sausage links are made with 100-percent USDA-inspected cuts of quality pork for maximum flavor and excellent texture. These sausage links are great as a breakfast offering and feature virtually no shrin... Read More","200/.8 OZ","Meat & Seafood"
"6731798","Packer","Chicken Thigh Meat Boneless Skinless","https://mediacdn.sysco.com/images/rendition?id=fd3fa1d2dd3fe4fb4de334eee84d1e48bc77aa38","Product description is not available","4/10 LB","Meat & Seafood"
"0371013","Dailys Bacon","Bacon Pre-cooked Slab Sliced Regular","https://mediacdn.sysco.com/images/rendition?id=f572757237c4138c8902602d56f25b06b36d7daf","Precooked Bacon. Fresh-cooked taste. Daily’s Precooked Bacon is the perfect fit for those operators who either don’t have the equipment or staff to prepare raw bacon or need convenience without sacrificing quality or flavor. Using state-of-the-art ove... Read More","2/150 CT","Meat & Seafood"
"2078525","Morningstar Farms (frzn)","Vegetable Vegetable Breakfast Sausage Link","https://mediacdn.sysco.com/images/rendition?id=488744a54e51293196787fab556917fb54ee574a","Bulk packed, Morningstar Farms Sausage Links are a good source of protein. Whether with a breakfast scramble, a stack of pancakes, or biscuits with veggie gravy, our sausage links delight vegetarians and meat-lovers alike... Read More","168/.81 OZ","Meat & Seafood"
"7217602","Beyond Meat","Plantbased Steak Tips Seared","https://mediacdn.sysco.com/images/rendition?id=8f003590c97d082fd3ffd2c0e2a2865715dd37b3","Product description is not available","2/5 LB","Meat & Seafood"
"1073402","Sysco Reliance","Bacon Layflat 18-22 Per # Smoked","https://mediacdn.sysco.com/images/rendition?id=f692ae887c96c771bde24e2dc348cd38f17aecd2","Made from fresh pork bellies, our Sysco Reliance Sliced Slab Bacon is an end-to-end cut and sliced thick with 18 to 22 slices per pound.... Read More","1/15LB","Meat & Seafood"
"7235986","Meati","Chicken Cutlet Crispy Vegan","https://image.sysco.com/image-server/product/image/7235986/web/1.jpg","Product description is not available","42/3.7 OZ","Meat & Seafood"
"6751663","Ranch & Grill","Beef Chuck Roll Neck Off Extra Trim Usda","https://mediacdn.sysco.com/images/rendition?id=755504e126579e71937be4b8e3f0da329d643950","The Chuck Eye Roll is generally further cut into your Chuck Eye Roasts and Steaks, or boneless Country-Style Ribs. Each is rich in flavor and decently tender - especially if cooked slow and low.... Read More","2/20#AVG","Meat & Seafood"
"7371836","Packer","Chicken Thighs Boneless Skinless Large","https://mediacdn.sysco.com/images/rendition?id=69c1f5dc0f5b34f5bf55cc4ce54c02d262bed01d","Product description is not available","4/10 LB","Meat & Seafood"
"3919610","Dailys Bacon","Bacon Shingle Center-cut 10-12 Per Pound Applewood Gas Flushed","https://mediacdn.sysco.com/images/rendition?id=9416662f7c84e5887662faa56f2de551e27f2778","Deep smoky flavor with an old-fashioned cure for what ails you. Daily’s deep applewood-smoked thick-cut bacon combines the rich applewood smoke flavor with a hint of sweetness from premium sugar-cured bacon. It’s been said that to make so... Read More","1/15LB","Meat & Seafood"
"7123405","Sysco Reliance","Chicken Breast Patty Breaded Precooked 3.45 Ounces","https://mediacdn.sysco.com/images/rendition?id=0454db9ec917c24f38820933843c0aabb8e47693","Sysco Reliance Fully cooked CN label Breaded Whole Grain Chicken Breast Patties IF (3.45 oz. target) packed 2/5.175 lb. bags.... Read More","2/5.175#","Meat & Seafood"
"1886514","Dailys Bacon","Bacon Shingle Center Cut 14/16 Honey","https://mediacdn.sysco.com/images/rendition?id=c02758fa32c83e5f3d5e0363b29bec22b35f740d","The sweet ‘n’ smoky flavor that John R. Daily made. And the one that made John R. Daily. Daily’s hardwood smoked honey cured thick cut bacon combines the rich smoke flavor with a hint of sweetness from a premium all natural honey cure. It’s been sa... Read More","1/15 LB","Meat & Seafood"
"1466952","Tastybird","Chicken Wings Iqf","https://mediacdn.sysco.com/images/rendition?id=cf84ed9193abcb6c9e8a26d5fee08f68cab08ac2","Tyson® Uncooked Individually Frozen Ice Glazed Chicken Wings deliver high-quality protein and menu versatility to your operation. Unbreaded and unseasoned, this Tyson® product offering is ideal for customizing your menu selection by allowing y... Read More","96/2.7 OZ","Meat & Seafood"
"4567210","Smithfield","Bacon Layout 18-22 Per # Silver Medium Frozen","https://mediacdn.sysco.com/images/rendition?id=80556a3572bb37b6e70baa46466d12cf3275069c","Smithfield Bacon brings a savory, rich flavor to your entire menu. This slowly smoked sliced ready to cook bacon packs a mouthwatering, smoky taste in every bi... Read More","1/15 LB","Meat & Seafood"
"7253619","Olli Salumeria Dried Cured Salamis","Salami Dry Calabrese Asiago Pk","https://mediacdn.sysco.com/images/rendition?id=d7c2d19275e33d327bbf9799402031964b316330","Product description is not available","10/2 OZ","Meat & Seafood"
"7036684","Portico Classic Seafood","Cod Atlantic Loin IQF 6 Ounce Asia","https://mediacdn.sysco.com/images/rendition?id=66563244aa9610f4dfaadec7e3df98cc1a93e025","Portico Atlantic cod loins by Sysco are boneless and skinless to save time during meal prep. These wild-caught cod loins are individually quick frozen to retain freshness and flavor.... Read More","1/10 LB","Meat & Seafood"
"4287025","Sysco Classic","Chicken Breast Breaded Homestyle 4 Ounces","https://mediacdn.sysco.com/images/rendition?id=f48a66d56646937d5e9a5e2710e507090547b327","Sysco Classic Uncooked Homestyle Pepper Chicken Breast Filets with rib meat fritters are made with a golden-brown breading is a perfect menu offering. These thick and juicy fritters are ready to cook from frozen, allowing for quick preparation and co... Read More","2/5 LB","Meat & Seafood"
"0593606","Sysco Classic","Chicken Tenders Fritter Homestyle Pre-cooked","https://mediacdn.sysco.com/images/rendition?id=b708c98e827d1c37e3d10dd043ec2213513d0571","Sysco Classic fully cooked homestyle pepper chicken breast fritters are lightly breaded and seasoned for a palate-pleasing taste and texture. The pre-portioned pieces are all approximately the same size to help maintain consistency between orders.... Read More","2/5 LB","Meat & Seafood"
"7237016","Fire River Farms Classic","Beef Patty 75/25 Round Fresh","https://mediacdn.sysco.com/images/rendition?id=9ff54a6b2dff9873ce16232b22c2e6d0eb9651c1","Fire River Farms Classic 75/25 Fresh Beef Patties are crafted in a round shape for a traditional look and feel. Each 5.33-ounce patty is blended to precision with a 1/8"" grind size for a smooth texture. Our beef is 100% USDA-inspected, made fresh, a... Read More","42/5.33OZ","Meat & Seafood"
"2594729","Tyson Foods","Chicken Breast Filet Tenderpress","https://mediacdn.sysco.com/images/rendition?id=b8f35c64ac9792490b80fedec3854072d710b0fc","Open the door to dozens of quick, delicious chicken selections with Tyson True® Tenderpressed® Uncooked, Marinated Boneless, Skinless Chicken Breast Filets. Our chicken filets are made with whole muscle chicken breast meat, resulting in... Read More","28/6","Meat & Seafood"
"7897469","Del Real Foods","Chicken Shredded Tinga","https://mediacdn.sysco.com/images/rendition?id=601df11a03d810683af48d7e244b8f76d22c5aeb","Del Real Foods Cihicken tings have authentic flavors & textures, and are in red/orange tomato sauce with tan color chicken pieces. Our Chicken Tinga is 50% solids and 50% sauce.... Read More","4/5 LB","Meat & Seafood"
"4082436","Country Comfort-grayrose","Beef Steak Cubed Fritter","https://mediacdn.sysco.com/images/rendition?id=0387241ccea94eba166d61d53c0dd5fcb16fe5a4","Product description is not available","40/3.4OZ","Meat & Seafood"
"5741580","Butchers Block","Pork Chop Boneless Center-cut 4 Oz Seasoned","https://mediacdn.sysco.com/images/rendition?id=2e15a6eb8b2852f5f387b7861be1238e4d20b962","Butcher's Block boneless center cut pork chops by Sysco is seasoned with water and lemon juice for juicy, tender pork for your menu items. The individual portions offer consistent sizing and thickness to standardize your plated meals.... Read More","40/4 OZ.","Meat & Seafood"
"3918794","B&d Foods","Beef Steak Finger","https://mediacdn.sysco.com/images/rendition?id=42488413625f3766aeab78a8c9744f9a8fd642f7","B&D Foods Beef Steak Finger Whole muscle beef, cut, marinated, coated in a specially seasoned home-style batter and fully cooked in vegetable oil.... Read More","1/10LB","Meat & Seafood"
"0363709","Smithfield","Sausage Smoked Maple Bias Cut Z","https://mediacdn.sysco.com/images/rendition?id=714fcee53e039bb1d8c8c1563adbbd05c637cd52","Spice up your meal with Smithfield Smoked Sausage. Handcrafted using artisanal grinds and hand-selected seasonings, Smithfield Smoked Sausage can elevate and add depth to your favorite recipe or meal. Available in a variety of flavors like Spicy Ando... Read More","2/5 LB","Meat & Seafood"
"1970888","Block & Barrel Imperial","Frankfurter All-beef 6 Per Pound 6 Inch","https://mediacdn.sysco.com/images/rendition?id=e83db04c32ff226e939eeddf9c600df4d033215d","Block and Barrel imperial beef franks by Sysco deliver premium flavor and quality with a proprietary spice blend. Cook these skinless franks on a roller grill, steam grill or char grill for best results.... Read More","2/5 LB","Meat & Seafood"
"2116860","Johnsonville Foods","Bratwurst Pre-cooked Ultimate 5x1","https://mediacdn.sysco.com/images/rendition?id=22934c9b4cb9dfd21ca7120e776105b3d56020c2","Fully cooked, premium, coarsely ground pork bratwurst sausage in a 5.75-inch collagen casing, already browned with grill marks. Flame-grilled for superior flavor.... Read More","2/5 LB","Meat & Seafood"
"7161606","Buckhead Pride/ Newport Pride","Beef Ground Patty Chuck Brisket Short Rib Vet Strong","https://mediacdn.sysco.com/images/rendition?id=84a0e6eead57b73d99c56cf671fbefa45367017c","The Veteran Strong - Air Assault burger is made from high-end Chuck and Brisket blend. • Contains 30 IQF patties packed into a 10 pounds case with a poly liner... Read More","30/5.33OZ","Meat & Seafood"
"3717319","Sysco Classic","Chicken Cvp Breast Boneless-skinless Random Jumbo Gourmet Trim","https://mediacdn.sysco.com/images/rendition?id=a6a9ab96d264b4f108395a6cbc1251e031acbcb1","Sysco Classic Jumbo Chicken Breasts make a dramatic presentation as an entrée or sliced into strips. Our Single-lobe boneless skinless breasts are 98% fat-free with the rib meat removed and it is all-natural with no added hormones or steroids. The all-n... Read More","4/10 LB","Meat & Seafood"
"8666172","Sysco Classic","Chicken Wing Boneless Breaded Raw","https://mediacdn.sysco.com/images/rendition?id=616358893482be864714b3816c982c4950f2bd2b","Sysco Classic Raw Boneless Chicken Wings are made from breast meat infused with a savory solution and coated with a home-style breading for a classic taste. Perfect for appetizers and center-of-plate entrées. Toss Sysco's Classic boneless wings... Read More","2/5 LB","Meat & Seafood"
"6046789","Butchers Block","Pork Butt Bone/1 1/4 8-12 Pound Each","https://mediacdn.sysco.com/images/rendition?id=7bea01257a7953bbdac60a7e99856f36a890df13","Butcher Block's bone-in pork butt is a cost efficient, well marbled cut of pork delivering a tender and flavorful eating experience. This versatile cut can be roasted, stewed, or smoked to deliver a classic pulled pork barbecue for center of the plate nee... Read More","4/2 PCE","Meat & Seafood"
"3949825","Sysco Imperial","Bacon Precooked Center Cut 14/18 Deluxe","https://mediacdn.sysco.com/images/rendition?id=5c8a2e3df9515a5b9e820e0afba8466f814fa4c1","Sysco Imperial Fully Cooked Deluxe Center Cut Bacon with smoke flavoring added that is sliced 7 slices per inch. The bacon is arranged on parchment paper at 10 slices per sheet for easy warming.... Read More","2/150 CT","Meat & Seafood"
"1838010","Dailys Bacon","Bacon Shingle Center-cut 16-18 Per # Honey","https://mediacdn.sysco.com/images/rendition?id=4a6815c8e9c8b88dab8f501fd6cd8d2e798c9ea2","Daily’s hardwood smoked honey cured thick cut bacon combines the rich smoke flavor with a hint of sweetness from a premium all natural honey cure. It’s been said that to make something this good, you need some kind of secret recipe... Read More","1/15 LB","Meat & Seafood"
"5001963","Portico Simply","Lobster Tail North Atlantic Premium 5-6 Ounce","https://mediacdn.sysco.com/images/rendition?id=332a242062d48b029c87e4f55d113f3e11befe8d","Portico raw lobster tails by Sysco are all-natural, wild-caught, and chemical-free with no phosphates or preservatives. These are dry North Atlantic lobster tails with the vein removed to deliver a more consistent flavor and texture.... Read More","1/10 LB","Meat & Seafood"
"7211656","Fire River Farms Classic","Beef Patty 75/25 Wide","https://mediacdn.sysco.com/images/rendition?id=4877f250ca3194589376c04490617f3c44641691","Fire River Farms Classic 75/25 Fresh Beef Patties are pressed into a wide shape to provide the perfect bun coverage. Each seven-ounce patty is blended to precision with a 1/8"" grind size for a smooth texture. Our beef is 100% USDA-inspected, made fr... Read More","30/7 OZ","Meat & Seafood"
"7894702","Packer","Beef Chuck Roll Neck Off No Roll","https://mediacdn.sysco.com/images/rendition?id=2817abdafc110f5758a9d202792de8c34f6a1d5b","Product description is not available","3/20#AVG","Meat & Seafood"
"7238026","Packer","Beef Tenderloin Tip Frozen","https://mediacdn.sysco.com/images/rendition?id=f6b618c6614f75fe05e487854e6b2ac360b51ee1","Product description is not available","1/10 LB","Meat & Seafood"
"0891495","Hill Meat Co (pork)","Bacon Pieces .375"" Double Smoked","https://mediacdn.sysco.com/images/rendition?id=12cedebda52c6ed2d42637ed6e29476b8678299c","Product description is not available","1/10 LB","Meat & Seafood"
"2679704","Casa Solana Classic","Beef Fajita Strip Raw Marinated Southwestern Frozen","https://mediacdn.sysco.com/images/rendition?id=c9801f6a97da1010008af4698c9ac2415c04f488","Casa Solana raw beef strips with southwest marinade for fajitas by Sysco are tumble-marinated and tenderized with papain for a distinct flavor profile. This product is great for burritos, fajita salads, nachos, traditional fajitas, and street tacos.... Read More","4/5LB","Meat & Seafood"
"7236413","Buckhead Pride/ Newport Pride","Beef Ground Patty 75\25 Pacific Northwest","https://mediacdn.sysco.com/images/rendition?id=7cb05f5a0e15e77029656ce53dda60e991917787","Product description is not available","30/8 OZ","Meat & Seafood"
"5927462","Fulton Provision","Beef Patty Chuck Round 75/25 Vacuum-pack","https://mediacdn.sysco.com/images/rendition?id=8f2a0491c0c687f25895ba078be7844218bd6b52","Fulton Beef Ground Patty is produced from fresh never frozen USDA inspected whole muscle domestic chuck.... Read More","30/8 OZ","Meat & Seafood"
"0566824","Fire River Farms Classic","Beef Ground Fine 73% Lean Bulk Chubs","https://mediacdn.sysco.com/images/rendition?id=fd3c546442fdfecd059c3cf150b977ce75fc7934","Our Fire River Farms 73/27 ground beef is flavorful, economical, and can be cross-utilized across the menu. The 73/27 lean-to-fat ratio provides great taste but is prone to shrinkage when cooked, while the fine grind is ideal for dishes like meatballs, meatloa... Read More","4/10#AVG","Meat & Seafood"
"3573359","Buckhead Pride/ Newport Pride","Steak Strip Vein 1 Inch Tail Usda Choice","https://mediacdn.sysco.com/images/rendition?id=2516bf26e76f065c5d2af079aeb6012f96d1c937","Product description is not available","24/8 OZ","Meat & Seafood"
"6765382","Ranch & Grill","Beef Brisket Boneless Whole Untrimmed","https://mediacdn.sysco.com/images/rendition?id=85a6293e0ec34767cf84ccad4d348ee51d47ab85","This Ranch & Grill full-flavored cut of meat, is an ideal cut for cooking low and slow or smoking.... Read More","2/8-13#","Meat & Seafood"
"5107525","Portico Classic Seafood","Shrimp White Peeled And Deveined Tail-on 16/20 Count","https://mediacdn.sysco.com/images/rendition?id=b204eb613dac817faae149c8487006942d636733","Our Portico White Farm-Raised Tail-On Peeled and Deveined Shrimp offers a delicious and convenient seafood option sourced from BAP 2 Star or higher fisheries in environmentally controlled ponds. Peeled and deveined, these shrimp save operators time a... Read More","4/2.5 LB","Meat & Seafood"
"5806276","Butchers Block","Pork Butt Boneless .25"" 6-9# Each","https://mediacdn.sysco.com/images/rendition?id=260cac6b1a3cde764b01e91055e954cf23e6c90d","Butcher Block's boneless pork butt is a cost efficient, well marbled cut of pork delivering a tender and flavorful eating experience. This versatile cut can be roasted, stewed, or smoked to deliver a classic pulled pork barbecue for center of the plate nee... Read More","4/1PC","Meat & Seafood"
"6217517","Tnt","Beef Patty Ground Seasoned Oval Tnt Individual","https://mediacdn.sysco.com/images/rendition?id=92f3b17fe67d8f166b7d76507c880503eee1acf4","TNT Original Seasoned Homestyle patties are perfectly seasoned allowing you to deliver a great burger experience every day, no matter the skill level of your kitchen staff. Our exclusive formula also provides for a 3-plus hour hold time so you can succ... Read More","53/6OZ","Meat & Seafood"
"1794223","Ll Ranch","Beef Chuck Short Rib Boneless Cooked","https://mediacdn.sysco.com/images/rendition?id=44266be3a90eae12c50b3ced82abf7718f0d2ca0","LL Ranch fire braised fork tender roasted boneless beef chuck short ribs in juices • Vacuum packaged in a sous vide bag for easy rewarming... Read More","2/5-7#AV","Meat & Seafood"
"6046793","Butchers Block","Pork Cushion Meat 1-3# Average","https://mediacdn.sysco.com/images/rendition?id=b14291860f70b54061fc7f8cd3bf208cbd91bcd3","Butcher Block's pork cushion meat is smaller portion cut within the shoulder. Great for roasting, stewing or smoking.... Read More","5/5PC","Meat & Seafood"
"5643246","Butchers Block Reserve","Beef Striploin 0x1 (tail Trimming) Choice Angus 1/4","https://mediacdn.sysco.com/images/rendition?id=179c49020616089ac05ed094efff74f9584e7acc","Butcher's Block Reserve USDA Choice Angus Beef Boneless 0x1 Striploins are aged for a minimum of 21 days to create the perfect balance of tenderness and flavor. The 0x1 indicates 1″ tail fat on the rib end and 0″ tail fat on the Vein end of the loin.... Read More","3/11#UP","Meat & Seafood"
"2913453","Sysco Imperial","Chicken Breast Individually-frozen Boneless-skinless Ziploc","https://mediacdn.sysco.com/images/rendition?id=101d2808e10a5f87ceb74e2a38112b3de795bbd6","Sysco Imperial are the best frozen breast portion in the market place today. All natural, skillfully hand deboned, expertly trimmed (rib meat, keel ribbon and fat removed) whole butterfly breast computer sized for portion accuracy and cost controls. Indi... Read More","48/4 OZ","Meat & Seafood"
"7917707","Sysco Classic","Chicken Legs Quarter Individually Frozen","https://mediacdn.sysco.com/images/rendition?id=f64355eddb63e486a0ca9e022723ae99caf8b3e1","Sysco Classic IQF Chicken Leg Quarters are a high quality protein that's perfect for a variety of applications.... Read More","42/14.5OZ","Meat & Seafood"
